Suite/Test/Step Name,Browser,Description,Tag,Start time,End time,Duration,Status
TS_LoginPaths,Edge Chromium 121,"Testings all Login Paths such as:
1)Valid Login
2) Invalid Login
3) New User Login",,09-02-2024 00:40:32,09-02-2024 00:41:17,44.425s,PASSED
,,,,,,,
Test Cases/Data Driven Testing/TC001_New User Login,Edge Chromium 121,,,09-02-2024 00:40:33,09-02-2024 00:40:41,8.321s,PASSED
Start listener action : sampleBeforeTestCase,Edge Chromium 121,,,09-02-2024 00:40:33,09-02-2024 00:40:33,0.018s,PASSED
"openBrowser("""")",Edge Chromium 121,,,09-02-2024 00:40:33,09-02-2024 00:40:34,1.152s,PASSED
navigateToUrl(NewUserRegistrationURL),Edge Chromium 121,,,09-02-2024 00:40:34,09-02-2024 00:40:36,1.672s,PASSED
"setText(findTestObject(""Object Repository/New User Login/input_Your name_customerName""), name)",Edge Chromium 121,,,09-02-2024 00:40:36,09-02-2024 00:40:36,0.798s,PASSED
"setText(findTestObject(""Object Repository/New User Login/input_US 1_email""), email)",Edge Chromium 121,,,09-02-2024 00:40:36,09-02-2024 00:40:37,0.579s,PASSED
"setText(findTestObject(""Object Repository/New User Login/input_Password_password""), password)",Edge Chromium 121,,,09-02-2024 00:40:37,09-02-2024 00:40:38,0.589s,PASSED
"setText(findTestObject(""Object Repository/New User Login/input_Re-enter password_passwordCheck""), password)",Edge Chromium 121,,,09-02-2024 00:40:38,09-02-2024 00:40:38,0.826s,PASSED
"click(findTestObject(""New User Login/input_Passwords must match_continue""))",Edge Chromium 121,,,09-02-2024 00:40:38,09-02-2024 00:40:40,1.793s,PASSED
"verifyElementPresent(findTestObject(""New User Login/div_VerifyEmail_AfterNewReg""), 0)",Edge Chromium 121,,,09-02-2024 00:40:40,09-02-2024 00:40:41,0.612s,PASSED
closeBrowser(),Edge Chromium 121,,,09-02-2024 00:40:41,09-02-2024 00:40:41,0.174s,PASSED
Start listener action : sampleAfterTestCase,Edge Chromium 121,,,09-02-2024 00:40:41,09-02-2024 00:40:41,0.001s,PASSED
,,,,,,,
Test Cases/Data Driven Testing/TC001_New User Login,Edge Chromium 121,,,09-02-2024 00:40:41,09-02-2024 00:40:49,7.606s,PASSED
Start listener action : sampleBeforeTestCase,Edge Chromium 121,,,09-02-2024 00:40:41,09-02-2024 00:40:41,0.003s,PASSED
"openBrowser("""")",Edge Chromium 121,,,09-02-2024 00:40:41,09-02-2024 00:40:42,0.591s,PASSED
navigateToUrl(NewUserRegistrationURL),Edge Chromium 121,,,09-02-2024 00:40:42,09-02-2024 00:40:43,1.549s,PASSED
"setText(findTestObject(""Object Repository/New User Login/input_Your name_customerName""), name)",Edge Chromium 121,,,09-02-2024 00:40:43,09-02-2024 00:40:44,1.150s,PASSED
"setText(findTestObject(""Object Repository/New User Login/input_US 1_email""), email)",Edge Chromium 121,,,09-02-2024 00:40:44,09-02-2024 00:40:45,0.607s,PASSED
"setText(findTestObject(""Object Repository/New User Login/input_Password_password""), password)",Edge Chromium 121,,,09-02-2024 00:40:45,09-02-2024 00:40:45,0.579s,PASSED
"setText(findTestObject(""Object Repository/New User Login/input_Re-enter password_passwordCheck""), password)",Edge Chromium 121,,,09-02-2024 00:40:45,09-02-2024 00:40:46,0.781s,PASSED
"click(findTestObject(""New User Login/input_Passwords must match_continue""))",Edge Chromium 121,,,09-02-2024 00:40:46,09-02-2024 00:40:48,1.330s,PASSED
"verifyElementPresent(findTestObject(""New User Login/div_VerifyEmail_AfterNewReg""), 0)",Edge Chromium 121,,,09-02-2024 00:40:48,09-02-2024 00:40:48,0.826s,PASSED
closeBrowser(),Edge Chromium 121,,,09-02-2024 00:40:48,09-02-2024 00:40:49,0.177s,PASSED
Start listener action : sampleAfterTestCase,Edge Chromium 121,,,09-02-2024 00:40:49,09-02-2024 00:40:49,0.001s,PASSED
,,,,,,,
Test Cases/Data Driven Testing/TC001_New User Login,Edge Chromium 121,,,09-02-2024 00:40:49,09-02-2024 00:40:56,7.593s,PASSED
Start listener action : sampleBeforeTestCase,Edge Chromium 121,,,09-02-2024 00:40:49,09-02-2024 00:40:49,0.001s,PASSED
"openBrowser("""")",Edge Chromium 121,,,09-02-2024 00:40:49,09-02-2024 00:40:49,0.584s,PASSED
navigateToUrl(NewUserRegistrationURL),Edge Chromium 121,,,09-02-2024 00:40:49,09-02-2024 00:40:51,2.186s,PASSED
"setText(findTestObject(""Object Repository/New User Login/input_Your name_customerName""), name)",Edge Chromium 121,,,09-02-2024 00:40:51,09-02-2024 00:40:52,0.799s,PASSED
"setText(findTestObject(""Object Repository/New User Login/input_US 1_email""), email)",Edge Chromium 121,,,09-02-2024 00:40:52,09-02-2024 00:40:53,0.561s,PASSED
"setText(findTestObject(""Object Repository/New User Login/input_Password_password""), password)",Edge Chromium 121,,,09-02-2024 00:40:53,09-02-2024 00:40:53,0.606s,PASSED
"setText(findTestObject(""Object Repository/New User Login/input_Re-enter password_passwordCheck""), password)",Edge Chromium 121,,,09-02-2024 00:40:53,09-02-2024 00:40:54,0.822s,PASSED
"click(findTestObject(""New User Login/input_Passwords must match_continue""))",Edge Chromium 121,,,09-02-2024 00:40:54,09-02-2024 00:40:56,1.387s,PASSED
"verifyElementPresent(findTestObject(""New User Login/div_VerifyEmail_AfterNewReg""), 0)",Edge Chromium 121,,,09-02-2024 00:40:56,09-02-2024 00:40:56,0.465s,PASSED
closeBrowser(),Edge Chromium 121,,,09-02-2024 00:40:56,09-02-2024 00:40:56,0.161s,PASSED
Start listener action : sampleAfterTestCase,Edge Chromium 121,,,09-02-2024 00:40:56,09-02-2024 00:40:56,0.001s,PASSED
,,,,,,,
Test Cases/Data Driven Testing/TC002_Valid Login,Edge Chromium 121,Valid Login using Global Variables.,,09-02-2024 00:40:56,09-02-2024 00:41:07,10.977s,PASSED
Start listener action : sampleBeforeTestCase,Edge Chromium 121,,,09-02-2024 00:40:56,09-02-2024 00:40:56,0.002s,PASSED
"openBrowser("""")",Edge Chromium 121,,,09-02-2024 00:40:56,09-02-2024 00:40:57,0.645s,PASSED
navigateToUrl(URL),Edge Chromium 121,,,09-02-2024 00:40:57,09-02-2024 00:40:59,2.078s,PASSED
"click(findTestObject(""Object Repository/ValidLogin/span_Sign in""))",Edge Chromium 121,,,09-02-2024 00:40:59,09-02-2024 00:41:02,3.303s,PASSED
"setText(findTestObject(""Object Repository/ValidLogin/input_Email or mobile phone number_email""), Email)",Edge Chromium 121,,,09-02-2024 00:41:02,09-02-2024 00:41:04,1.306s,PASSED
"click(findTestObject(""Object Repository/ValidLogin/input_Enter your email or mobile phone numb_fc7402""))",Edge Chromium 121,,,09-02-2024 00:41:04,09-02-2024 00:41:05,1.861s,PASSED
"setText(findTestObject(""Object Repository/ValidLogin/input_Forgot your password_password""), Password)",Edge Chromium 121,,,09-02-2024 00:41:05,09-02-2024 00:41:07,1.223s,PASSED
"click(findTestObject(""Object Repository/ValidLogin/input_Enter your password_signInSubmit""))",Edge Chromium 121,,,09-02-2024 00:41:07,09-02-2024 00:41:07,0.314s,PASSED
closeBrowser(),Edge Chromium 121,,,09-02-2024 00:41:07,09-02-2024 00:41:07,0.191s,PASSED
Start listener action : sampleAfterTestCase,Edge Chromium 121,,,09-02-2024 00:41:07,09-02-2024 00:41:07,0.001s,PASSED
,,,,,,,
Test Cases/Data Driven Testing/TC003_Invalid Login,Edge Chromium 121,,,09-02-2024 00:41:07,09-02-2024 00:41:17,9.702s,PASSED
Start listener action : sampleBeforeTestCase,Edge Chromium 121,,,09-02-2024 00:41:07,09-02-2024 00:41:07,0.002s,PASSED
"openBrowser("""")",Edge Chromium 121,,,09-02-2024 00:41:07,09-02-2024 00:41:08,0.598s,PASSED
"navigateToUrl(""https://www.amazon.com/"")",Edge Chromium 121,,,09-02-2024 00:41:08,09-02-2024 00:41:10,2.190s,PASSED
"click(findTestObject(""Object Repository/InvalidLogin/span_Sign in""))",Edge Chromium 121,,,09-02-2024 00:41:10,09-02-2024 00:41:13,2.840s,PASSED
"setText(findTestObject(""Object Repository/InvalidLogin/input_Email or mobile phone number_email""), ""this isnot an email"")",Edge Chromium 121,,,09-02-2024 00:41:13,09-02-2024 00:41:15,1.745s,PASSED
"click(findTestObject(""Object Repository/InvalidLogin/input_Enter your email or mobile phone numb_fc7402""))",Edge Chromium 121,,,09-02-2024 00:41:15,09-02-2024 00:41:16,1.199s,PASSED
"verifyElementText(findTestObject(""Object Repository/InvalidLogin/span_We cannot find an account with that em_0dde72""), ""We cannot find an account with that email address"")",Edge Chromium 121,,,09-02-2024 00:41:16,09-02-2024 00:41:17,0.919s,PASSED
closeBrowser(),Edge Chromium 121,,,09-02-2024 00:41:17,09-02-2024 00:41:17,0.176s,PASSED
Start listener action : sampleAfterTestCase,Edge Chromium 121,,,09-02-2024 00:41:17,09-02-2024 00:41:17,0.000s,PASSED
